source_relative_path	bytes	reason
reference/mos_fleet_monitor/backups/20260828-103656-camera-health/local-before.tar.gz	8134	历史压缩副本或生成物；原件保留于本地来源目录
reference/mos_fleet_monitor/dist/mos_fleet_monitor-1.2.0.tar.gz	32988	历史压缩副本或生成物；原件保留于本地来源目录
reference/mos_fleet_monitor/dist/mos_fleet_monitor-1.3.0.tar.gz	38718	历史压缩副本或生成物；原件保留于本地来源目录
reference/mos_fleet_monitor/dist/mos_fleet_monitor-1.4.0.tar.gz	44570	历史压缩副本或生成物；原件保留于本地来源目录
reference/mos_fleet_monitor/dist/mos_fleet_monitor-1.5.0.tar.gz	49898	历史压缩副本或生成物；原件保留于本地来源目录
reference/mos_fleet_monitor/dist/mos_fleet_monitor-1.5.1.tar.gz	49912	历史压缩副本或生成物；原件保留于本地来源目录
reference/mos_fleet_monitor/dist/mos_fleet_monitor-1.6.0.tar.gz	50381	历史压缩副本或生成物；原件保留于本地来源目录
reference/mos_fleet_monitor/dist/mos_fleet_monitor-1.7.0.tar.gz	50039	历史压缩副本或生成物；原件保留于本地来源目录
reference/mos_fleet_monitor/dist/mos_fleet_monitor-1.8.0.tar.gz	62535	历史压缩副本或生成物；原件保留于本地来源目录
