path	bytes	sha256
code/mos_all_test_ws/src/mos_3d_object/weights/best.pt	22603939	78d556879ad6c42349650e6ce043f9064596e1006c8759cec8ca98f65534e361
code/mos_all_test_ws/src/mos_3d_object/weights/best0.pt	6334243	c8019881d18440994fb9912bd7aeb9143a6684ed9a309a7f87cd521b85b1bd41
code/mos_all_test_ws/src/mos_3d_object/weights/best3.pt	6385891	cb05e77aa21b5ddd7c6f318fa1a74d1256e6259e1c33e81679098a8ddbf93622
code/mos_all_test_ws/src/mos_3d_object/weights/best_1.pt	6318371	efcb4bdca89ecaa50b2de98c0bf62dc4ff4c48500f8503ef63cd111b2f8146e8
code/mos_all_test_ws/src/mos_3d_object/weights/r1g2_a06_0.pt	6398058	04206b39323440d2f3b7439eef63bca6eb04e4fd5983b7562004f7101657d0b9
code/mos_all_test_ws/src/mos_3d_object/weights/r1g2_a06_0_last.pt	6398058	1c1a6c05e16a905d5c6c4102b60b02a5d38beeaf46c7d11e63bd493dabaa853e
code/mos_all_test_ws/src/mos_3d_object/weights/r1g2_a06_new_best.pt	6401386	1b6e13393b27713b80613bd9f7878a22340f3d4715238da79fad6c89fb6574f2
code/mos_all_test_ws/src/mos_3d_object/weights/r1g2_a06_new_last.pt	6401386	7b7c9b16d6f12c2acf5735be7bf9ec7f5cc9504affd7af33143a7ab91ec5b746
code/mos_all_test_ws/src/mos_cart_fullness/weights/best.pt	22603939	78d556879ad6c42349650e6ce043f9064596e1006c8759cec8ca98f65534e361
code/mos_all_test_ws/src/mos_cart_fullness/weights/best0.pt	6334243	c8019881d18440994fb9912bd7aeb9143a6684ed9a309a7f87cd521b85b1bd41
code/mos_all_test_ws/src/mos_cart_fullness/weights/best3.pt	6385891	cb05e77aa21b5ddd7c6f318fa1a74d1256e6259e1c33e81679098a8ddbf93622
code/mos_all_test_ws/src/mos_cart_fullness/weights/best_1.pt	6318371	efcb4bdca89ecaa50b2de98c0bf62dc4ff4c48500f8503ef63cd111b2f8146e8
code/mos_all_test_ws/src/mos_cart_fullness/weights/r1g2_a06_0.pt	6398058	04206b39323440d2f3b7439eef63bca6eb04e4fd5983b7562004f7101657d0b9
code/mos_all_test_ws/src/navigation2/nav2_mppi_controller/media/demo.gif	8618744	5fef279991aff4a06a09d12150ea0a4c30f5042fd2dc4d50bbdbe97e69b7b009
code/mos_all_test_ws/src/navigation2/nav2_simple_commander/media/readme.gif	22828606	93557d13d35843e4867834d69f5de4fbc75c67164245e9fe9e6e71cc2cee9cb7
code/mos_all_test_ws/src/navigation2/nav2_smac_planner/test/3planners.png	1359591	98d1158c06458e36d88d04ea1ec0da17076bc1810303b61eaca0ef72f7ffa391
code/mos_all_test_ws/src/navigation2/nav2_system_tests/models/turtlebot3_burger/meshes/burger_base.dae	10709519	099b4d3aa07ae3370b8e4ed0fa771a2e056054f61373fc5adc5e9c8b485bc9ca
code/mos_all_test_ws/src/navigation2/nav2_system_tests/models/turtlebot3_burger/meshes/lds.dae	1611745	a8c99a86e57f7fbf2bdfbf1cf21a643f5f6ea4024496658ad39a81a05f680462
code/mos_all_test_ws/src/navigation2/nav2_system_tests/models/turtlebot3_burger/meshes/left_tire.dae	3073672	d36fff9b30a54ea07af0a82d82242071460e2123eb69ef53d8da04f8d3a6e68c
code/mos_all_test_ws/src/navigation2/nav2_system_tests/models/turtlebot3_burger/meshes/right_tire.dae	3066385	eb13623b0e0d84598f65e25e50c1a2bd19af307e838f319c8939d417317729e8
code/mos_all_test_ws/src/navigation2/nav2_system_tests/models/turtlebot3_waffle/meshes/lds.dae	1611745	a8c99a86e57f7fbf2bdfbf1cf21a643f5f6ea4024496658ad39a81a05f680462
code/mos_all_test_ws/src/navigation2/nav2_system_tests/models/turtlebot3_waffle/meshes/left_tire.dae	3073672	d36fff9b30a54ea07af0a82d82242071460e2123eb69ef53d8da04f8d3a6e68c
code/mos_all_test_ws/src/navigation2/nav2_system_tests/models/turtlebot3_waffle/meshes/right_tire.dae	3066385	eb13623b0e0d84598f65e25e50c1a2bd19af307e838f319c8939d417317729e8
code/mos_all_test_ws/src/navigation2/nav2_system_tests/models/turtlebot3_waffle/meshes/waffle_base.dae	35725488	61bd00759309e59c55d0949b6c0869e8e7fe90ac138a53c5252b2db6874cb3dd
code/mos_all_test_ws/src/navigation2/tools/planner_benchmarking/100by100_10.pgm	4000017	ce5456001916caa0b8049425cbadac4877f3889c79d1e48462df08a4c1cac72e
code/mos_all_test_ws/src/navigation2/tools/planner_benchmarking/100by100_15.pgm	4000017	3088b3720fa263e9d596bb96aa04a92f84a2e2f06503580409a0d1a17399dd73
code/mos_all_test_ws/src/navigation2/tools/planner_benchmarking/100by100_20.pgm	4000017	7dcbdd34cac9e007fb36deb3717aaf3988bd260e98f5069d9bd4cc497bec14b6
